-- MySQL dump 10.13  Distrib 8.0.19, for Win64 (x86_64)
--
-- Host: localhost    Database: chat
-- ------------------------------------------------------
-- Server version	5.5.5-10.5.9-MariaDB

/*!40101 SET @OLD_CHARACTER_SET_CLIENT=@@CHARACTER_SET_CLIENT */;
/*!40101 SET @OLD_CHARACTER_SET_RESULTS=@@CHARACTER_SET_RESULTS */;
/*!40101 SET @OLD_COLLATION_CONNECTION=@@COLLATION_CONNECTION */;
/*!50503 SET NAMES utf8mb4 */;
/*!40103 SET @OLD_TIME_ZONE=@@TIME_ZONE */;
/*!40103 SET TIME_ZONE='+00:00' */;
/*!40014 SET @OLD_UNIQUE_CHECKS=@@UNIQUE_CHECKS, UNIQUE_CHECKS=0 */;
/*!40014 SET @OLD_FOREIGN_KEY_CHECKS=@@FOREIGN_KEY_CHECKS, FOREIGN_KEY_CHECKS=0 */;
/*!40101 SET @OLD_SQL_MODE=@@SQL_MODE, SQL_MODE='NO_AUTO_VALUE_ON_ZERO' */;
/*!40111 SET @OLD_SQL_NOTES=@@SQL_NOTES, SQL_NOTES=0 */;

--
-- Table structure for table `chat_message`
--

DROP TABLE IF EXISTS `chat_message`;
/*!40101 SET @saved_cs_client     = @@character_set_client */;
/*!50503 SET character_set_client = utf8mb4 */;
CREATE TABLE `chat_message` (
  `id` bigint(20) NOT NULL AUTO_INCREMENT,
  `room_id` bigint(20) DEFAULT NULL,
  `user_id` bigint(20) DEFAULT NULL,
  `message` text DEFAULT NULL,
  `is_read` tinyint(4) DEFAULT 0,
  `created_at` datetime DEFAULT current_timestamp(),
  `updated_at` datetime DEFAULT current_timestamp(),
  PRIMARY KEY (`id`),
  KEY `chat_message_room_id_IDX` (`room_id`,`user_id`) USING BTREE
) ENGINE=InnoDB AUTO_INCREMENT=250 DEFAULT CHARSET=utf8mb4;
/*!40101 SET character_set_client = @saved_cs_client */;

--
-- Dumping data for table `chat_message`
--

LOCK TABLES `chat_message` WRITE;
/*!40000 ALTER TABLE `chat_message` DISABLE KEYS */;
INSERT INTO `chat_message` VALUES (1,1,3,'오늘은 날씨가 참 좋네요.',1,'2024-10-19 20:48:07','2024-10-19 20:48:07'),(2,1,4,'커피 한 잔이 필요해요.',1,'2024-10-19 21:21:48','2024-10-19 21:21:48'),(3,2,3,'내일은 친구와 영화 보러 갈 예정이에요.',1,'2024-10-19 21:22:49','2024-10-19 21:22:49'),(4,1,4,'주말에는 산책을 하기로 했어요.',1,'2024-10-19 21:21:48','2024-10-19 21:21:48'),(5,1,4,'새로운 책을 읽는 것이 기대돼요.',1,'2024-10-19 21:21:48','2024-10-19 21:21:48'),(6,1,4,'요즘 운동을 시작했어요.',1,'2024-10-19 21:21:48','2024-10-19 21:21:48'),(7,1,3,'맛있는 음식을 만드는 게 즐거워요.',1,'2024-10-19 21:21:48','2024-10-19 21:21:48'),(8,3,5,'음악을 듣는 시간을 갖고 싶어요.',1,'2024-10-19 21:21:48','2024-10-19 21:21:48'),(9,3,5,'여행을 떠나고 싶어지는 계절이에요.',1,'2024-10-19 21:21:48','2024-10-19 21:21:48'),(10,3,3,'테스트',1,'2024-10-19 21:21:48','2024-10-19 21:21:48'),(11,1,1,'새로운 기술을 배우는 것이 재미있어요.',1,'2024-10-20 05:58:25','2024-10-20 05:58:25'),(15,1,4,'1212121',1,'2024-10-21 10:03:19','2024-10-21 10:03:19'),(16,1,4,'1212121',1,'2024-10-21 10:03:43','2024-10-21 10:03:43'),(28,2,4,'ㄹㄴㅇㄹㄴ',1,'2024-10-21 14:08:46','2024-10-21 14:08:46'),(29,2,4,'ㄹㅇㄴ',1,'2024-10-21 14:08:48','2024-10-21 14:08:48'),(30,2,4,'fsd',1,'2024-10-21 14:22:07','2024-10-21 14:22:07'),(31,1,4,'dfgdf',1,'2024-10-21 14:46:43','2024-10-21 14:46:43'),(32,1,4,'gfdfgd',1,'2024-10-21 14:46:45','2024-10-21 14:46:45'),(33,1,4,'sfgfdg',1,'2024-10-21 14:46:46','2024-10-21 14:46:46'),(34,1,4,'gdfgdf',1,'2024-10-21 14:46:47','2024-10-21 14:46:47'),(35,1,4,'dfgfgddfg',1,'2024-10-21 14:46:48','2024-10-21 14:46:48'),(36,1,4,'dfgdfg',1,'2024-10-21 14:46:49','2024-10-21 14:46:49'),(37,1,4,'dfgdfgg',1,'2024-10-21 14:46:50','2024-10-21 14:46:50'),(38,1,4,'gdfdfg',1,'2024-10-21 14:46:51','2024-10-21 14:46:51'),(39,1,4,'gdfg',1,'2024-10-21 14:46:53','2024-10-21 14:46:53'),(40,1,4,'342432',1,'2024-10-21 14:46:54','2024-10-21 14:46:54'),(41,1,4,'gsdgfg',1,'2024-10-21 14:46:55','2024-10-21 14:46:55'),(42,1,4,'gsdg423',1,'2024-10-21 14:46:57','2024-10-21 14:46:57'),(43,1,4,'gdfgd',1,'2024-10-21 14:46:58','2024-10-21 14:46:58'),(44,1,4,'422342342',1,'2024-10-21 14:46:59','2024-10-21 14:46:59'),(45,1,3,'fdfsdf',1,'2024-10-21 14:47:50','2024-10-21 14:47:50'),(46,1,3,'fdsfsds',1,'2024-10-21 14:47:52','2024-10-21 14:47:52'),(47,1,3,'fsdfs',1,'2024-10-21 14:47:53','2024-10-21 14:47:53'),(48,1,4,'fdsfs',1,'2024-10-21 14:47:55','2024-10-21 14:47:55'),(49,1,4,'fdsfs1212',1,'2024-10-21 14:47:58','2024-10-21 14:47:58'),(50,1,3,'fsdfsd',1,'2024-10-21 14:48:00','2024-10-21 14:48:00'),(51,1,4,'ㄹㄴㅇㄹㄴ',1,'2024-10-21 15:05:53','2024-10-21 15:05:53'),(52,1,3,'ㄴㄹㄴㅇㄹ',1,'2024-10-21 15:07:32','2024-10-21 15:07:32'),(53,1,4,'fdsfs',1,'2024-10-21 15:18:40','2024-10-21 15:18:40'),(54,1,3,'dsfsd',1,'2024-10-21 15:19:54','2024-10-21 15:19:54'),(55,1,4,'sffd',1,'2024-10-21 15:20:11','2024-10-21 15:20:11'),(56,1,3,'sdfs',1,'2024-10-21 15:20:34','2024-10-21 15:20:34'),(57,1,4,'퓨',0,'2024-10-21 15:41:39','2024-10-21 15:41:39'),(58,2,4,'ㄹㄴㅇㄹㄴㅇ',1,'2024-10-21 15:45:53','2024-10-21 15:45:53'),(59,1,4,'sdff',0,'2024-10-21 15:49:36','2024-10-21 15:49:36'),(60,2,4,'dfssfd',1,'2024-10-21 15:53:48','2024-10-21 15:53:48'),(61,2,4,'fsdfsd',1,'2024-10-21 15:54:03','2024-10-21 15:54:03'),(62,2,4,'fsdfsd',1,'2024-10-21 15:54:22','2024-10-21 15:54:22'),(63,2,4,'sfdfs',1,'2024-10-21 15:55:05','2024-10-21 15:55:05'),(64,2,5,'fsdfsd',1,'2024-10-21 15:55:30','2024-10-21 15:55:30'),(65,2,5,'fsdfs',1,'2024-10-21 15:55:32','2024-10-21 15:55:32'),(66,2,5,'ㅇㄴㅇ',1,'2024-10-21 19:10:08','2024-10-21 19:10:08'),(67,2,4,'ㄴㄴㄴ',1,'2024-10-21 19:10:11','2024-10-21 19:10:11'),(68,2,5,'ㄴㄴㄴ',1,'2024-10-21 19:11:42','2024-10-21 19:11:42'),(69,2,5,'ㄴㅁㄴㅁ',1,'2024-10-21 19:11:45','2024-10-21 19:11:45'),(70,2,5,'ㄴㄴㄴ',1,'2024-10-21 19:12:05','2024-10-21 19:12:05'),(71,2,5,'ㄴ',1,'2024-10-21 19:12:40','2024-10-21 19:12:40'),(72,2,4,'ㄴㄴㄴ',1,'2024-10-21 19:17:01','2024-10-21 19:17:01'),(73,2,5,'ㄹㅇㄴㅇㄹㄴ',1,'2024-10-21 19:17:03','2024-10-21 19:17:03'),(74,2,4,'ㄹㅇㅇㅇ',1,'2024-10-21 19:17:05','2024-10-21 19:17:05'),(75,2,5,'ㅇㅁㄴㅁㄴㅇ',1,'2024-10-21 19:17:07','2024-10-21 19:17:07'),(76,2,4,'ㅇㄴㄴㄴ',1,'2024-10-21 19:17:08','2024-10-21 19:17:08'),(77,2,5,'ㅇㄴㅁㅇㄴ',1,'2024-10-21 19:17:10','2024-10-21 19:17:10'),(78,2,4,'ㄹㅇㅇㅇㅇ',1,'2024-10-21 19:17:14','2024-10-21 19:17:14'),(79,2,5,'ㅇㅁㄴㅇㅁㄴ',1,'2024-10-21 19:17:20','2024-10-21 19:17:20'),(80,2,4,'ㅇㄴㄴㄴ',1,'2024-10-21 19:17:21','2024-10-21 19:17:21'),(81,2,4,'ㄴㄴㄴ',1,'2024-10-21 19:18:01','2024-10-21 19:18:01'),(82,2,5,'ㄴㄴㅁㄴㅁ',1,'2024-10-21 19:18:03','2024-10-21 19:18:03'),(83,2,4,'ㄹㄴㅇㄹㄴ',1,'2024-10-21 19:18:05','2024-10-21 19:18:05'),(84,2,4,'ㄴㄴ',1,'2024-10-21 19:18:16','2024-10-21 19:18:16'),(85,2,5,'ㄴㅁㄴㅁㅁ',1,'2024-10-21 19:18:19','2024-10-21 19:18:19'),(86,2,4,'ㄴㅁㄴㅁ',1,'2024-10-21 19:18:32','2024-10-21 19:18:32'),(87,3,5,'ㄹㅇㄴㄴㅇ',0,'2024-10-21 19:20:13','2024-10-21 19:20:13'),(88,2,4,'ㄹㅇㅇ',1,'2024-10-21 19:20:15','2024-10-21 19:20:15'),(89,3,5,'ㄹㄴㅇㅇ',0,'2024-10-21 19:20:16','2024-10-21 19:20:16'),(90,3,3,'ㄹㄴㅇㄹㅇ',1,'2024-10-21 19:20:45','2024-10-21 19:20:45'),(91,1,3,'ㄹㅇㅇ',1,'2024-10-21 19:20:49','2024-10-21 19:20:49'),(92,2,4,'ㅂㅂㅈㅂ',1,'2024-10-21 19:41:10','2024-10-21 19:41:10'),(93,2,4,'ㅁㄴㅁㄴㅁ',1,'2024-10-21 19:41:15','2024-10-21 19:41:15'),(94,2,4,'ㄹㅇㄴㄹㄴㅇ',1,'2024-10-21 19:41:54','2024-10-21 19:41:54'),(95,2,5,'ㄹㄴㅇㄹㅇㄴ',1,'2024-10-21 19:41:55','2024-10-21 19:41:55'),(96,2,4,'ㄹㅇㄴㅇ',1,'2024-10-21 19:42:01','2024-10-21 19:42:01'),(97,2,4,'ㄹㅇㅇ',1,'2024-10-21 19:42:09','2024-10-21 19:42:09'),(98,2,4,'ㅎㄹㅇㄹ',1,'2024-10-21 19:42:38','2024-10-21 19:42:38'),(99,2,4,'ㅁㅁㅁ',1,'2024-10-21 19:42:42','2024-10-21 19:42:42'),(100,2,4,'ㄴㅁ',1,'2024-10-21 19:43:06','2024-10-21 19:43:06'),(101,2,4,'ㄴㄴ',1,'2024-10-21 19:46:04','2024-10-21 19:46:04'),(102,2,5,'ㅇㅇㅇ',1,'2024-10-21 19:53:37','2024-10-21 19:53:37'),(103,2,5,'ㅇㅇㅇ',1,'2024-10-21 19:53:46','2024-10-21 19:53:46'),(104,2,5,'ㅇㅇㅇ',1,'2024-10-21 20:02:08','2024-10-21 20:02:08'),(105,2,5,'ㄴㅇㄹㄴ',1,'2024-10-21 20:02:15','2024-10-21 20:02:15'),(106,2,5,'ㅇㅇㅇ',1,'2024-10-21 20:02:21','2024-10-21 20:02:21'),(107,2,5,'ㄴㅁㅁ',1,'2024-10-21 20:06:52','2024-10-21 20:06:52'),(108,2,5,'ㄴㄴㄴ',1,'2024-10-21 20:06:55','2024-10-21 20:06:55'),(109,2,5,'ㄴㅁㄴ',1,'2024-10-21 20:07:14','2024-10-21 20:07:14'),(110,2,5,'ㄴㅁㅁ',1,'2024-10-21 20:07:24','2024-10-21 20:07:24'),(111,2,4,'ㅌ',1,'2024-10-21 20:14:38','2024-10-21 20:14:38'),(112,2,5,'ㄹㄴㅇ',1,'2024-10-21 20:17:50','2024-10-21 20:17:50'),(113,2,5,'ㄹㅇㅇㅇ',1,'2024-10-21 20:17:53','2024-10-21 20:17:53'),(114,2,5,'ㄴㅁㅁ',1,'2024-10-21 20:24:25','2024-10-21 20:24:25'),(115,2,5,'ㄴㅁㅁㅁ',1,'2024-10-21 20:24:28','2024-10-21 20:24:28'),(116,2,5,'ㄴㅁㄴㅁㅁ',1,'2024-10-21 20:24:36','2024-10-21 20:24:36'),(117,2,4,'ㄴㅁㄴㅁㅁ',1,'2024-10-21 20:24:38','2024-10-21 20:24:38'),(118,2,4,'ㄴㅁㅁ',1,'2024-10-21 20:24:40','2024-10-21 20:24:40'),(119,2,5,'ㄴㅁㅁ',1,'2024-10-21 20:24:46','2024-10-21 20:24:46'),(120,2,5,'ㄴㄴㄴ',1,'2024-10-21 20:25:09','2024-10-21 20:25:09'),(121,2,5,'ㄴㄴㄴ',1,'2024-10-21 20:25:15','2024-10-21 20:25:15'),(122,2,5,'ㄴㄴㄴ',1,'2024-10-21 20:25:23','2024-10-21 20:25:23'),(123,2,5,'ㄴㄴㄴㄴ',1,'2024-10-21 20:25:27','2024-10-21 20:25:27'),(124,2,5,'ㅁㅁㅁ',1,'2024-10-21 20:49:09','2024-10-21 20:49:09'),(125,2,4,'ㅇㄹㅇ',1,'2024-10-21 20:52:12','2024-10-21 20:52:12'),(126,2,4,'456',1,'2024-10-21 20:52:29','2024-10-21 20:52:29'),(127,2,4,'ㄴ',1,'2024-10-21 20:53:15','2024-10-21 20:53:15'),(128,2,4,'ㅁ',1,'2024-10-21 20:53:21','2024-10-21 20:53:21'),(129,2,4,'ㅁㅁ',1,'2024-10-21 20:55:02','2024-10-21 20:55:02'),(130,2,4,'ㅊㅌㅋ',1,'2024-10-21 20:55:13','2024-10-21 20:55:13'),(131,2,4,'ㅎㅎ',1,'2024-10-21 21:03:53','2024-10-21 21:03:53'),(132,2,4,'12',1,'2024-10-21 21:04:14','2024-10-21 21:04:14'),(133,2,4,'155',1,'2024-10-21 21:04:26','2024-10-21 21:04:26'),(134,2,4,'5',1,'2024-10-21 21:04:30','2024-10-21 21:04:30'),(135,2,4,'45',1,'2024-10-21 21:04:39','2024-10-21 21:04:39'),(136,2,4,'ㅇ',1,'2024-10-21 21:11:57','2024-10-21 21:11:57'),(137,2,4,'ㅇ',1,'2024-10-21 21:13:15','2024-10-21 21:13:15'),(138,1,4,'ㅍㅌㅊㅍㅌ',0,'2024-10-21 21:19:22','2024-10-21 21:19:22'),(139,2,4,'ㅍㅊㅌㅊㅍ',1,'2024-10-21 21:19:25','2024-10-21 21:19:25'),(140,2,4,'ㅁ',1,'2024-10-21 21:19:36','2024-10-21 21:19:36'),(141,2,4,'ㄴㄴ',1,'2024-10-21 21:20:12','2024-10-21 21:20:12'),(142,2,4,'12',1,'2024-10-21 21:21:14','2024-10-21 21:21:14'),(143,2,4,'ㄴ',1,'2024-10-21 21:24:59','2024-10-21 21:24:59'),(144,2,4,'1',1,'2024-10-21 21:25:58','2024-10-21 21:25:58'),(145,2,4,'12',1,'2024-10-21 21:27:05','2024-10-21 21:27:05'),(146,2,4,'5',1,'2024-10-21 21:27:08','2024-10-21 21:27:08'),(147,2,4,'5',1,'2024-10-21 21:27:13','2024-10-21 21:27:13'),(148,2,4,'5',1,'2024-10-21 21:27:22','2024-10-21 21:27:22'),(149,2,4,'1',1,'2024-10-21 21:27:32','2024-10-21 21:27:32'),(150,2,4,'5',1,'2024-10-21 21:27:36','2024-10-21 21:27:36'),(151,2,4,'5',1,'2024-10-21 21:27:39','2024-10-21 21:27:39'),(152,2,4,'5',1,'2024-10-21 21:27:43','2024-10-21 21:27:43'),(153,2,4,'15',1,'2024-10-21 21:27:50','2024-10-21 21:27:50'),(154,2,4,'1',1,'2024-10-21 21:27:58','2024-10-21 21:27:58'),(155,2,4,'5',1,'2024-10-21 21:28:08','2024-10-21 21:28:08'),(156,2,4,'1',1,'2024-10-21 21:28:11','2024-10-21 21:28:11'),(157,2,4,'5',1,'2024-10-21 21:28:12','2024-10-21 21:28:12'),(158,2,4,'4564',1,'2024-10-21 21:28:15','2024-10-21 21:28:15'),(159,2,4,'1234',1,'2024-10-21 21:28:18','2024-10-21 21:28:18'),(160,2,4,'ㄴㄴㄴ',1,'2024-10-21 21:32:01','2024-10-21 21:32:01'),(161,2,5,'ㅁㄴㅁ',1,'2024-10-21 21:32:05','2024-10-21 21:32:05'),(162,2,4,'ㄴㄴㄴ',1,'2024-10-21 21:32:09','2024-10-21 21:32:09'),(163,2,4,'ㄴㅁㅁ',1,'2024-10-21 21:32:14','2024-10-21 21:32:14'),(164,2,4,'ㄴ',1,'2024-10-21 21:32:22','2024-10-21 21:32:22'),(165,2,4,'ㄴㅁㄴㅁ',1,'2024-10-21 21:32:47','2024-10-21 21:32:47'),(166,2,5,'ㄴㅁㅁㄴ',1,'2024-10-21 21:32:49','2024-10-21 21:32:49'),(167,2,4,'ㄴㅁㄴㅁ',1,'2024-10-21 21:32:50','2024-10-21 21:32:50'),(168,2,4,'ㄴㅁㄴㅁ',1,'2024-10-21 21:32:52','2024-10-21 21:32:52'),(169,2,4,'ㄴㅁㄴㅁㅁㄴ',1,'2024-10-21 21:32:57','2024-10-21 21:32:57'),(170,2,4,'ㅇㅇㅇㅇ',1,'2024-10-21 21:33:04','2024-10-21 21:33:04'),(171,2,4,'ㅇㅇㅇㅇ',1,'2024-10-21 21:33:08','2024-10-21 21:33:08'),(172,2,4,'ㄴㅁㄴㅁ',1,'2024-10-21 21:33:11','2024-10-21 21:33:11'),(173,2,4,'ㄴㅁㄴㅁ',1,'2024-10-21 21:33:13','2024-10-21 21:33:13'),(174,2,4,'ㄹㄴㅇ',1,'2024-10-21 21:33:34','2024-10-21 21:33:34'),(175,2,4,'sa',1,'2024-10-21 23:13:13','2024-10-21 23:13:13'),(176,2,5,'saa',1,'2024-10-21 23:13:16','2024-10-21 23:13:16'),(177,2,4,'sss',1,'2024-10-21 23:13:18','2024-10-21 23:13:18'),(178,1,4,'sss',0,'2024-10-21 23:21:39','2024-10-21 23:21:39'),(179,1,4,'sss',0,'2024-10-21 23:21:44','2024-10-21 23:21:44'),(180,1,4,'ssss',0,'2024-10-21 23:21:52','2024-10-21 23:21:52'),(181,2,4,'ddd',1,'2024-10-21 23:22:22','2024-10-21 23:22:22'),(182,2,4,'saas',1,'2024-10-21 23:28:54','2024-10-21 23:28:54'),(183,2,4,'ddd',1,'2024-10-21 23:29:04','2024-10-21 23:29:04'),(184,2,4,'fsdfsd',1,'2024-10-21 23:29:10','2024-10-21 23:29:10'),(185,2,5,'sss',1,'2024-10-21 23:33:02','2024-10-21 23:33:02'),(186,2,5,'ssss',1,'2024-10-21 23:33:24','2024-10-21 23:33:24'),(187,2,5,'fsfds',1,'2024-10-21 23:33:33','2024-10-21 23:33:33'),(188,2,5,'sassa',1,'2024-10-21 23:36:10','2024-10-21 23:36:10'),(189,2,4,'sasaa',1,'2024-10-21 23:37:51','2024-10-21 23:37:51'),(190,2,5,'ssasa',1,'2024-10-21 23:37:56','2024-10-21 23:37:56'),(191,2,5,'ssdsd',1,'2024-10-21 23:39:40','2024-10-21 23:39:40'),(192,2,4,'dadada',1,'2024-10-21 23:39:42','2024-10-21 23:39:42'),(193,2,5,'ssss',1,'2024-10-21 23:39:45','2024-10-21 23:39:45'),(194,2,5,'ddd',1,'2024-10-21 23:40:39','2024-10-21 23:40:39'),(195,2,5,'ㄴㅁㄴㅁ',1,'2024-10-21 23:43:25','2024-10-21 23:43:25'),(196,2,4,'ㅇㄹㄴㅇㅇㄴ',1,'2024-10-21 23:43:31','2024-10-21 23:43:31'),(197,2,5,'ㄴㅇㄴㅇㄴ',1,'2024-10-21 23:43:41','2024-10-21 23:43:41'),(198,2,5,'ㅇㄴㅇㄴ',1,'2024-10-21 23:43:43','2024-10-21 23:43:43'),(199,2,5,'ㅇㅁㄴㅇㅁㄴㅇㅁ',1,'2024-10-21 23:43:45','2024-10-21 23:43:45'),(200,2,4,'ㅇㅁㄴㅇㅁㄴ',1,'2024-10-21 23:43:48','2024-10-21 23:43:48'),(201,2,4,'ㅇㄴㅇㅁㄴ',1,'2024-10-21 23:43:52','2024-10-21 23:43:52'),(202,2,4,'ㅇㄴㄴㄴ',1,'2024-10-21 23:43:54','2024-10-21 23:43:54'),(203,2,4,'ㅇㅁㄴㅇㅁ',1,'2024-10-21 23:44:01','2024-10-21 23:44:01'),(204,2,4,'ㅇㄴㄴㄴ',1,'2024-10-21 23:44:03','2024-10-21 23:44:03'),(205,2,4,'ㄴㄴㄴㄴㄴ',1,'2024-10-21 23:44:06','2024-10-21 23:44:06'),(206,2,5,'ㅇㅁㄴㅇㅁ',1,'2024-10-21 23:44:14','2024-10-21 23:44:14'),(207,2,5,'ㅇㄴㅁㄴ',1,'2024-10-21 23:44:16','2024-10-21 23:44:16'),(208,2,5,'ㄴㅇㅁㄴㄴ',1,'2024-10-21 23:44:18','2024-10-21 23:44:18'),(209,2,5,'ㅇㄴㄴ',1,'2024-10-21 23:44:24','2024-10-21 23:44:24'),(210,2,5,'ㄴㄴㄴ',1,'2024-10-21 23:44:38','2024-10-21 23:44:38'),(211,2,5,'ㄹㅇㄹㄴㅇ',1,'2024-10-21 23:44:41','2024-10-21 23:44:41'),(212,2,5,'ㄹㅇㄴㅇㄹ',1,'2024-10-21 23:44:49','2024-10-21 23:44:49'),(213,2,5,'ㅇㄹㄴㅇㄴㅇㄹㅇ',1,'2024-10-21 23:44:52','2024-10-21 23:44:52'),(214,2,4,'asdasd',1,'2024-10-21 23:48:35','2024-10-21 23:48:35'),(215,2,4,'dasda',1,'2024-10-21 23:48:38','2024-10-21 23:48:38'),(216,2,4,'dsss',1,'2024-10-21 23:48:40','2024-10-21 23:48:40'),(217,2,4,'dasdas',1,'2024-10-21 23:48:42','2024-10-21 23:48:42'),(218,2,4,'dasdasdas',1,'2024-10-21 23:48:45','2024-10-21 23:48:45'),(219,2,4,'dss',1,'2024-10-21 23:48:47','2024-10-21 23:48:47'),(220,2,4,'dsdasad',1,'2024-10-21 23:48:50','2024-10-21 23:48:50'),(221,2,5,'fdsfsd',1,'2024-10-21 23:50:29','2024-10-21 23:50:29'),(222,2,4,'fsdfds',1,'2024-10-21 23:50:34','2024-10-21 23:50:34'),(223,2,4,'fsdfsd',1,'2024-10-21 23:50:40','2024-10-21 23:50:40'),(224,2,4,'sdfsd',1,'2024-10-21 23:50:43','2024-10-21 23:50:43'),(225,2,4,'fgdgdf',1,'2024-10-21 23:50:47','2024-10-21 23:50:47'),(226,2,4,'fdsfs',1,'2024-10-21 23:50:49','2024-10-21 23:50:49'),(227,2,4,'fsdfsd',1,'2024-10-21 23:50:52','2024-10-21 23:50:52'),(228,2,4,'fsdsfds',1,'2024-10-21 23:50:55','2024-10-21 23:50:55'),(229,2,5,'sasasa',1,'2024-10-21 23:51:47','2024-10-21 23:51:47'),(230,2,4,'sasas',1,'2024-10-21 23:51:50','2024-10-21 23:51:50'),(231,2,4,'sasasa',1,'2024-10-21 23:51:51','2024-10-21 23:51:51'),(232,2,4,'sasasa',1,'2024-10-21 23:51:53','2024-10-21 23:51:53'),(233,2,4,'sdfsdfs',1,'2024-10-21 23:51:55','2024-10-21 23:51:55'),(234,2,4,'fsdfs',1,'2024-10-21 23:51:56','2024-10-21 23:51:56'),(235,2,5,'fsdfsdf',1,'2024-10-21 23:51:58','2024-10-21 23:51:58'),(236,2,4,'dasda',1,'2024-10-21 23:52:11','2024-10-21 23:52:11'),(237,2,5,'dasdsa',1,'2024-10-21 23:52:12','2024-10-21 23:52:12'),(238,2,5,'fsdfsd',1,'2024-10-21 23:52:25','2024-10-21 23:52:25'),(239,2,4,'sasa',1,'2024-10-21 23:55:21','2024-10-21 23:55:21'),(240,2,4,'sasas',1,'2024-10-21 23:55:23','2024-10-21 23:55:23'),(241,2,4,'dfsasfsd',1,'2024-10-21 23:55:24','2024-10-21 23:55:24'),(242,2,5,'fsdsfs',1,'2024-10-21 23:55:31','2024-10-21 23:55:31'),(243,2,5,'fsdfs',1,'2024-10-21 23:55:33','2024-10-21 23:55:33'),(244,2,4,'fsfsd',1,'2024-10-21 23:55:36','2024-10-21 23:55:36'),(245,2,5,'sffs',1,'2024-10-21 23:55:38','2024-10-21 23:55:38'),(246,2,5,'fsdfs',1,'2024-10-22 00:00:57','2024-10-22 00:00:57'),(247,2,5,'ffdsadas',1,'2024-10-22 00:01:00','2024-10-22 00:01:00'),(248,2,4,'fdfsdfsdfs',1,'2024-10-22 00:01:03','2024-10-22 00:01:03'),(249,2,5,'fsd',1,'2024-10-22 00:01:05','2024-10-22 00:01:05');
/*!40000 ALTER TABLE `chat_message` ENABLE KEYS */;
UNLOCK TABLES;

--
-- Table structure for table `chat_participants`
--

DROP TABLE IF EXISTS `chat_participants`;
/*!40101 SET @saved_cs_client     = @@character_set_client */;
/*!50503 SET character_set_client = utf8mb4 */;
CREATE TABLE `chat_participants` (
  `id` bigint(20) NOT NULL AUTO_INCREMENT,
  `room_id` bigint(20) DEFAULT NULL,
  `user_id` bigint(20) DEFAULT NULL,
  PRIMARY KEY (`id`),
  KEY `chat_participants_room_id_IDX` (`room_id`,`user_id`) USING BTREE
) ENGINE=InnoDB AUTO_INCREMENT=11 DEFAULT CHARSET=utf8mb4;
/*!40101 SET character_set_client = @saved_cs_client */;

--
-- Dumping data for table `chat_participants`
--

LOCK TABLES `chat_participants` WRITE;
/*!40000 ALTER TABLE `chat_participants` DISABLE KEYS */;
INSERT INTO `chat_participants` VALUES (1,1,3),(2,1,4),(6,2,4),(7,2,5),(8,3,3),(9,3,5);
/*!40000 ALTER TABLE `chat_participants` ENABLE KEYS */;
UNLOCK TABLES;

--
-- Table structure for table `chat_room`
--

DROP TABLE IF EXISTS `chat_room`;
/*!40101 SET @saved_cs_client     = @@character_set_client */;
/*!50503 SET character_set_client = utf8mb4 */;
CREATE TABLE `chat_room` (
  `id` bigint(20) NOT NULL AUTO_INCREMENT,
  `created_at` datetime NOT NULL DEFAULT current_timestamp(),
  `updated_at` datetime NOT NULL DEFAULT current_timestamp(),
  PRIMARY KEY (`id`)
) ENGINE=InnoDB AUTO_INCREMENT=13 DEFAULT CHARSET=utf8mb4;
/*!40101 SET character_set_client = @saved_cs_client */;

--
-- Dumping data for table `chat_room`
--

LOCK TABLES `chat_room` WRITE;
/*!40000 ALTER TABLE `chat_room` DISABLE KEYS */;
INSERT INTO `chat_room` VALUES (1,'2024-10-19 20:00:36','2024-10-19 20:00:36'),(2,'2024-10-19 20:00:45','2024-10-19 20:00:45'),(3,'2024-10-19 20:01:54','2024-10-19 20:01:54'),(4,'2024-10-19 20:17:31','2024-10-19 20:17:31'),(5,'2024-10-19 20:20:44','2024-10-19 20:20:44'),(6,'2024-10-19 20:23:10','2024-10-19 20:23:10'),(7,'2024-10-19 20:33:59','2024-10-19 20:33:59'),(8,'2024-10-19 20:34:48','2024-10-19 20:34:48'),(9,'2024-10-19 20:48:07','2024-10-19 20:48:07'),(10,'2024-10-19 21:21:48','2024-10-19 21:21:48'),(11,'2024-10-19 21:22:49','2024-10-19 21:22:49');
/*!40000 ALTER TABLE `chat_room` ENABLE KEYS */;
UNLOCK TABLES;

--
-- Table structure for table `user`
--

DROP TABLE IF EXISTS `user`;
/*!40101 SET @saved_cs_client     = @@character_set_client */;
/*!50503 SET character_set_client = utf8mb4 */;
CREATE TABLE `user` (
  `id` bigint(20) NOT NULL AUTO_INCREMENT,
  `username` varchar(100) DEFAULT NULL,
  `password` varchar(100) DEFAULT NULL,
  `avatar` varchar(100) DEFAULT NULL,
  `first_name` varchar(100) DEFAULT NULL,
  `last_name` varchar(100) DEFAULT NULL,
  `email` varchar(100) DEFAULT NULL,
  `joined_at` datetime DEFAULT current_timestamp(),
  `updated_at` datetime DEFAULT current_timestamp(),
  PRIMARY KEY (`id`),
  UNIQUE KEY `user_unique` (`username`)
) ENGINE=InnoDB AUTO_INCREMENT=9 DEFAULT CHARSET=utf8mb4;
/*!40101 SET character_set_client = @saved_cs_client */;

--
-- Dumping data for table `user`
--

LOCK TABLES `user` WRITE;
/*!40000 ALTER TABLE `user` DISABLE KEYS */;
INSERT INTO `user` VALUES (3,'test_account22','72ab994fa2eb426c051ef59cad617750bfe06d7cf6311285ff79c19c32afd236','/img/2.jpg','2test','2last','test_account22@gmail.com','2024-10-19 11:32:34','2024-10-19 11:32:34'),(4,'test_account11','72ab994fa2eb426c051ef59cad617750bfe06d7cf6311285ff79c19c32afd236','/img/3.jpg','1test','1last','test_account11@gmail.com','2024-10-19 11:32:34','2024-10-19 11:32:34'),(5,'test_account33','72ab994fa2eb426c051ef59cad617750bfe06d7cf6311285ff79c19c32afd236','','ddd',NULL,'fsdfsdsf@gmail.com','2024-10-19 21:22:49','2024-10-19 21:22:49'),(7,'afasdf','72ab994fa2eb426c051ef59cad617750bfe06d7cf6311285ff79c19c32afd236',NULL,'ddd',NULL,'22fsdfsdsf@gmail.com','2024-10-20 07:46:09','2024-10-20 07:46:09'),(8,'asd','72ab994fa2eb426c051ef59cad617750bfe06d7cf6311285ff79c19c32afd236','','ddd',NULL,'fsdfsdsf@gmail.com','2024-10-19 21:22:49','2024-10-19 21:22:49');
/*!40000 ALTER TABLE `user` ENABLE KEYS */;
UNLOCK TABLES;

--
-- Dumping events for database 'chat'
--

--
-- Dumping routines for database 'chat'
--
/*!40103 SET TIME_ZONE=@OLD_TIME_ZONE */;

/*!40101 SET SQL_MODE=@OLD_SQL_MODE */;
/*!40014 SET FOREIGN_KEY_CHECKS=@OLD_FOREIGN_KEY_CHECKS */;
/*!40014 SET UNIQUE_CHECKS=@OLD_UNIQUE_CHECKS */;
/*!40101 SET CHARACTER_SET_CLIENT=@OLD_CHARACTER_SET_CLIENT */;
/*!40101 SET CHARACTER_SET_RESULTS=@OLD_CHARACTER_SET_RESULTS */;
/*!40101 SET COLLATION_CONNECTION=@OLD_COLLATION_CONNECTION */;
/*!40111 SET SQL_NOTES=@OLD_SQL_NOTES */;

-- Dump completed on 2024-10-22  1:11:00
